KAT,churn_rate
NI,133.3445888907648
OK,212.81899810964086
