TYP_KAMPANII,churn_rate
campaign,188.08901891129452
campaign out,182.37764970206115
scored,375.15495867768595
