DECYL,churn_rate
1.0,212.43558914462386
2.0,204.6411995715816
3.0,205.3631284916201
4.0,193.52917824533543
5.0,200.54598908021842
6.0,193.52276199205622
7.0,194.89074550128535
8.0,197.32982324182024
9.0,202.78902384165542
10.0,211.48036253776436
